{"cameraMode":{"drawMode":0,"name":"Shaded","section":"Shading Mode"},"sceneLighting":true,"audioPlay":false,"sceneViewState":{"showFog":true,"showMaterialUpdate":false,"showSkybox":true,"showFlares":true,"showImageEffects":true,"showParticleSystems":true},"in2DMode":false,"pivot":{"x":19.482955932617189,"y":-28.760536193847658,"z":56.50846862792969},"rotation":{"x":-0.19080646336078645,"y":-0.05680396780371666,"z":0.01106053777039051,"w":-0.9799215793609619},"size":148.7941436767578,"orthographic":false}