{"cameraMode":{"drawMode":0,"name":"Shaded","section":"Shading Mode"},"sceneLighting":true,"audioPlay":false,"sceneViewState":{"showFog":true,"showMaterialUpdate":false,"showSkybox":true,"showFlares":true,"showImageEffects":true,"showParticleSystems":true},"in2DMode":false,"pivot":{"x":5.14373779296875,"y":-2.83673095703125,"z":17.38671875},"rotation":{"x":-0.01589609682559967,"y":0.011090894229710102,"z":-0.00017546706658322364,"w":-0.9998155236244202},"size":41.25873947143555,"orthographic":true}