{"cameraMode":{"drawMode":0,"name":"Shaded","section":"Shading Mode"},"sceneLighting":true,"audioPlay":false,"sceneViewState":{"showFog":true,"showMaterialUpdate":false,"showSkybox":true,"showFlares":true,"showImageEffects":true,"showParticleSystems":true},"in2DMode":false,"pivot":{"x":0.15179443359375,"y":6.2490234375,"z":-4.806640625},"rotation":{"x":0.29923897981643679,"y":-0.005724931135773659,"z":0.0017979949479922653,"w":0.954169511795044},"size":10.79399299621582,"orthographic":true}