{"cameraMode":{"drawMode":0,"name":"Shaded","section":"Shading Mode"},"sceneLighting":true,"audioPlay":false,"sceneViewState":{"showFog":true,"showMaterialUpdate":false,"showSkybox":true,"showFlares":true,"showImageEffects":true,"showParticleSystems":true},"in2DMode":false,"pivot":{"x":-8.6923828125,"y":13.7900390625,"z":-34.4501953125},"rotation":{"x":0.18234969675540925,"y":-0.07366646826267243,"z":0.013702061958611012,"w":0.9803763628005981},"size":11.83890438079834,"orthographic":true}