{"cameraMode":{"drawMode":0,"name":"Shaded","section":"Shading Mode"},"sceneLighting":true,"audioPlay":false,"sceneViewState":{"showFog":true,"showMaterialUpdate":false,"showSkybox":true,"showFlares":true,"showImageEffects":true,"showParticleSystems":true},"in2DMode":false,"pivot":{"x":-26.02734375,"y":6.246337890625,"z":35.052734375},"rotation":{"x":0.019430330023169519,"y":-0.8726373910903931,"z":0.034834831953048709,"w":0.48673921823501589},"size":17.723020553588868,"orthographic":true}