{"cameraMode":{"drawMode":0,"name":"Shaded","section":"Shading Mode"},"sceneLighting":true,"audioPlay":false,"sceneViewState":{"showFog":true,"showMaterialUpdate":false,"showSkybox":true,"showFlares":true,"showImageEffects":true,"showParticleSystems":true},"in2DMode":false,"pivot":{"x":-40.755149841308597,"y":8.59765625,"z":-15.92578125},"rotation":{"x":-0.35732176899909975,"y":0.0005534589872695506,"z":-0.0002117214899044484,"w":-0.9339841604232788},"size":40.37138366699219,"orthographic":true}